Deployment,datetime,day,month,year,yday,BPH,BPD,POD
3,27/04/2021,27,4,2021,117,0,0,C
3,28/04/2021,28,4,2021,118,0,0,C
3,29/04/2021,29,4,2021,119,2,1,C
3,30/04/2021,30,4,2021,120,0,0,C
3,01/05/2021,1,5,2021,121,0,0,C
3,02/05/2021,2,5,2021,122,1,1,C
3,03/05/2021,3,5,2021,123,1,1,C
3,04/05/2021,4,5,2021,124,1,1,C
3,05/05/2021,5,5,2021,125,2,1,C
3,06/05/2021,6,5,2021,126,2,1,C
3,07/05/2021,7,5,2021,127,1,1,C
3,08/05/2021,8,5,2021,128,1,1,C
3,09/05/2021,9,5,2021,129,1,1,C
3,10/05/2021,10,5,2021,130,0,0,C
3,11/05/2021,11,5,2021,131,0,0,C
3,12/05/2021,12,5,2021,132,0,0,C
3,13/05/2021,13,5,2021,133,1,1,C
3,14/05/2021,14,5,2021,134,0,0,C
3,15/05/2021,15,5,2021,135,1,1,C
3,16/05/2021,16,5,2021,136,2,1,C
3,17/05/2021,17,5,2021,137,1,1,C
3,18/05/2021,18,5,2021,138,0,0,C
3,19/05/2021,19,5,2021,139,0,0,C
3,20/05/2021,20,5,2021,140,1,1,C
3,21/05/2021,21,5,2021,141,0,0,C
3,22/05/2021,22,5,2021,142,0,0,C
3,23/05/2021,23,5,2021,143,0,0,C
3,24/05/2021,24,5,2021,144,0,0,C
3,25/05/2021,25,5,2021,145,0,0,C
3,26/05/2021,26,5,2021,146,1,1,C
3,27/05/2021,27,5,2021,147,0,0,C
3,28/05/2021,28,5,2021,148,0,0,C
3,29/05/2021,29,5,2021,149,0,0,C
3,30/05/2021,30,5,2021,150,0,0,C
3,31/05/2021,31,5,2021,151,0,0,C
3,01/06/2021,1,6,2021,152,0,0,C
3,02/06/2021,2,6,2021,153,0,0,C
3,03/06/2021,3,6,2021,154,0,0,C
3,04/06/2021,4,6,2021,155,0,0,C
3,05/06/2021,5,6,2021,156,0,0,C
3,06/06/2021,6,6,2021,157,0,0,C
3,07/06/2021,7,6,2021,158,0,0,C
3,08/06/2021,8,6,2021,159,1,1,C
3,09/06/2021,9,6,2021,160,1,1,C
3,10/06/2021,10,6,2021,161,0,0,C
3,11/06/2021,11,6,2021,162,1,1,C
3,12/06/2021,12,6,2021,163,3,1,C
3,13/06/2021,13,6,2021,164,1,1,C
3,14/06/2021,14,6,2021,165,0,0,C
3,15/06/2021,15,6,2021,166,0,0,C
3,16/06/2021,16,6,2021,167,2,1,C
3,17/06/2021,17,6,2021,168,2,1,C
3,18/06/2021,18,6,2021,169,0,0,C
3,19/06/2021,19,6,2021,170,0,0,C
3,20/06/2021,20,6,2021,171,0,0,C
3,21/06/2021,21,6,2021,172,0,0,C
3,22/06/2021,22,6,2021,173,1,1,C
3,23/06/2021,23,6,2021,174,0,0,C
3,24/06/2021,24,6,2021,175,0,0,C
3,25/06/2021,25,6,2021,176,0,0,C
3,26/06/2021,26,6,2021,177,0,0,C
3,27/06/2021,27,6,2021,178,0,0,C
3,28/06/2021,28,6,2021,179,0,0,C
3,29/06/2021,29,6,2021,180,0,0,C
3,30/06/2021,30,6,2021,181,0,0,C
3,01/07/2021,1,7,2021,182,0,0,C
3,02/07/2021,2,7,2021,183,0,0,C
3,03/07/2021,3,7,2021,184,0,0,C
3,04/07/2021,4,7,2021,185,0,0,C
3,05/07/2021,5,7,2021,186,0,0,C
3,06/07/2021,6,7,2021,187,0,0,C
3,07/07/2021,7,7,2021,188,0,0,C
3,08/07/2021,8,7,2021,189,0,0,C
3,09/07/2021,9,7,2021,190,0,0,C
3,10/07/2021,10,7,2021,191,0,0,C
3,11/07/2021,11,7,2021,192,2,1,C
3,12/07/2021,12,7,2021,193,0,0,C
3,13/07/2021,13,7,2021,194,0,0,C
3,14/07/2021,14,7,2021,195,2,1,C
4,15/07/2021,15,7,2021,196,4,1,C
4,16/07/2021,16,7,2021,197,2,1,C
4,17/07/2021,17,7,2021,198,0,0,C
4,18/07/2021,18,7,2021,199,1,1,C
4,19/07/2021,19,7,2021,200,0,0,C
4,20/07/2021,20,7,2021,201,1,1,C
4,21/07/2021,21,7,2021,202,0,0,C
4,22/07/2021,22,7,2021,203,2,1,C
4,23/07/2021,23,7,2021,204,2,1,C
4,24/07/2021,24,7,2021,205,2,1,C
4,25/07/2021,25,7,2021,206,3,1,C
4,26/07/2021,26,7,2021,207,0,0,C
4,27/07/2021,27,7,2021,208,1,1,C
4,28/07/2021,28,7,2021,209,0,0,C
4,29/07/2021,29,7,2021,210,4,1,C
4,30/07/2021,30,7,2021,211,2,1,C
4,31/07/2021,31,7,2021,212,1,1,C
4,01/08/2021,1,8,2021,213,1,1,C
4,02/08/2021,2,8,2021,214,1,1,C
4,03/08/2021,3,8,2021,215,0,0,C
4,04/08/2021,4,8,2021,216,0,0,C
4,05/08/2021,5,8,2021,217,1,1,C
4,06/08/2021,6,8,2021,218,0,0,C
4,07/08/2021,7,8,2021,219,1,1,C
4,08/08/2021,8,8,2021,220,3,1,C
4,09/08/2021,9,8,2021,221,4,1,C
4,10/08/2021,10,8,2021,222,3,1,C
4,11/08/2021,11,8,2021,223,3,1,C
4,12/08/2021,12,8,2021,224,0,0,C
4,13/08/2021,13,8,2021,225,1,1,C
4,14/08/2021,14,8,2021,226,1,1,C
4,15/08/2021,15,8,2021,227,5,1,C
4,16/08/2021,16,8,2021,228,3,1,C
4,17/08/2021,17,8,2021,229,3,1,C
4,18/08/2021,18,8,2021,230,4,1,C
4,19/08/2021,19,8,2021,231,2,1,C
4,20/08/2021,20,8,2021,232,4,1,C
4,21/08/2021,21,8,2021,233,0,0,C
4,22/08/2021,22,8,2021,234,4,1,C
4,23/08/2021,23,8,2021,235,2,1,C
4,24/08/2021,24,8,2021,236,4,1,C
4,25/08/2021,25,8,2021,237,4,1,C
4,26/08/2021,26,8,2021,238,1,1,C
4,27/08/2021,27,8,2021,239,0,0,C
4,28/08/2021,28,8,2021,240,1,1,C
4,29/08/2021,29,8,2021,241,0,0,C
4,30/08/2021,30,8,2021,242,1,1,C
4,31/08/2021,31,8,2021,243,0,0,C
4,01/09/2021,1,9,2021,244,0,0,C
4,02/09/2021,2,9,2021,245,0,0,C
4,03/09/2021,3,9,2021,246,1,1,C
4,04/09/2021,4,9,2021,247,0,0,C
4,05/09/2021,5,9,2021,248,0,0,C
4,06/09/2021,6,9,2021,249,0,0,C
4,07/09/2021,7,9,2021,250,0,0,C
4,08/09/2021,8,9,2021,251,0,0,C
4,09/09/2021,9,9,2021,252,0,0,C
4,10/09/2021,10,9,2021,253,0,0,C
4,11/09/2021,11,9,2021,254,0,0,C
4,12/09/2021,12,9,2021,255,0,0,C
4,13/09/2021,13,9,2021,256,0,0,C
4,14/09/2021,14,9,2021,257,1,1,C
4,15/09/2021,15,9,2021,258,0,0,C
4,16/09/2021,16,9,2021,259,0,0,C
4,17/09/2021,17,9,2021,260,0,0,C
4,18/09/2021,18,9,2021,261,0,0,C
4,19/09/2021,19,9,2021,262,3,1,C
4,20/09/2021,20,9,2021,263,2,1,C
4,21/09/2021,21,9,2021,264,2,1,C
4,22/09/2021,22,9,2021,265,0,0,C
4,23/09/2021,23,9,2021,266,0,0,C
4,24/09/2021,24,9,2021,267,0,0,C
4,25/09/2021,25,9,2021,268,0,0,C
4,26/09/2021,26,9,2021,269,0,0,C
4,27/09/2021,27,9,2021,270,0,0,C
4,28/09/2021,28,9,2021,271,0,0,C
4,29/09/2021,29,9,2021,272,0,0,C
4,30/09/2021,30,9,2021,273,0,0,C
4,01/10/2021,1,10,2021,274,0,0,C
4,02/10/2021,2,10,2021,275,0,0,C
4,03/10/2021,3,10,2021,276,0,0,C
4,04/10/2021,4,10,2021,277,0,0,C
4,05/10/2021,5,10,2021,278,0,0,C
4,06/10/2021,6,10,2021,279,0,0,C
4,07/10/2021,7,10,2021,280,1,1,C
4,08/10/2021,8,10,2021,281,0,0,C
4,09/10/2021,9,10,2021,282,1,1,C
4,10/10/2021,10,10,2021,283,2,1,C
4,11/10/2021,11,10,2021,284,1,1,C
4,12/10/2021,12,10,2021,285,0,0,C
4,13/10/2021,13,10,2021,286,0,0,C
4,14/10/2021,14,10,2021,287,0,0,C
4,15/10/2021,15,10,2021,288,0,0,C
4,16/10/2021,16,10,2021,289,0,0,C
4,17/10/2021,17,10,2021,290,0,0,C
4,18/10/2021,18,10,2021,291,1,1,C
4,19/10/2021,19,10,2021,292,1,1,C
4,20/10/2021,20,10,2021,293,2,1,C
4,21/10/2021,21,10,2021,294,0,0,C
4,22/10/2021,22,10,2021,295,2,1,C
4,23/10/2021,23,10,2021,296,0,0,C
4,24/10/2021,24,10,2021,297,0,0,C
4,25/10/2021,25,10,2021,298,0,0,C
4,26/10/2021,26,10,2021,299,1,1,C
4,27/10/2021,27,10,2021,300,0,0,C
4,28/10/2021,28,10,2021,301,0,0,C
4,29/10/2021,29,10,2021,302,1,1,C
4,30/10/2021,30,10,2021,303,3,1,C
4,31/10/2021,31,10,2021,304,0,0,C
4,01/11/2021,1,11,2021,305,3,1,C
4,02/11/2021,2,11,2021,306,1,1,C
4,03/11/2021,3,11,2021,307,2,1,C
4,04/11/2021,4,11,2021,308,3,1,C
4,05/11/2021,5,11,2021,309,4,1,C
4,06/11/2021,6,11,2021,310,0,0,C
4,07/11/2021,7,11,2021,311,2,1,C
4,08/11/2021,8,11,2021,312,0,0,C
5,09/11/2021,9,11,2021,313,0,0,C
5,10/11/2021,10,11,2021,314,0,0,C
5,11/11/2021,11,11,2021,315,2,1,C
5,12/11/2021,12,11,2021,316,0,0,C
5,13/11/2021,13,11,2021,317,5,1,C
5,14/11/2021,14,11,2021,318,2,1,C
5,15/11/2021,15,11,2021,319,4,1,C
5,16/11/2021,16,11,2021,320,0,0,C
5,17/11/2021,17,11,2021,321,0,0,C
5,18/11/2021,18,11,2021,322,0,0,C
5,19/11/2021,19,11,2021,323,3,1,C
5,20/11/2021,20,11,2021,324,1,1,C
5,21/11/2021,21,11,2021,325,2,1,C
5,22/11/2021,22,11,2021,326,3,1,C
5,23/11/2021,23,11,2021,327,1,1,C
5,24/11/2021,24,11,2021,328,3,1,C
5,25/11/2021,25,11,2021,329,0,0,C
5,26/11/2021,26,11,2021,330,0,0,C
5,27/11/2021,27,11,2021,331,0,0,C
5,28/11/2021,28,11,2021,332,0,0,C
5,29/11/2021,29,11,2021,333,0,0,C
5,30/11/2021,30,11,2021,334,0,0,C
5,01/12/2021,1,12,2021,335,0,0,C
5,02/12/2021,2,12,2021,336,0,0,C
5,03/12/2021,3,12,2021,337,0,0,C
5,04/12/2021,4,12,2021,338,0,0,C
5,05/12/2021,5,12,2021,339,0,0,C
5,06/12/2021,6,12,2021,340,0,0,C
5,07/12/2021,7,12,2021,341,0,0,C
5,08/12/2021,8,12,2021,342,1,1,C
5,09/12/2021,9,12,2021,343,1,1,C
5,10/12/2021,10,12,2021,344,1,1,C
5,11/12/2021,11,12,2021,345,0,0,C
5,12/12/2021,12,12,2021,346,0,0,C
5,13/12/2021,13,12,2021,347,0,0,C
5,14/12/2021,14,12,2021,348,2,1,C
5,15/12/2021,15,12,2021,349,1,1,C
5,16/12/2021,16,12,2021,350,2,1,C
5,17/12/2021,17,12,2021,351,2,1,C
5,18/12/2021,18,12,2021,352,3,1,C
5,19/12/2021,19,12,2021,353,1,1,C
5,20/12/2021,20,12,2021,354,3,1,C
5,21/12/2021,21,12,2021,355,5,1,C
5,22/12/2021,22,12,2021,356,1,1,C
5,23/12/2021,23,12,2021,357,0,0,C
5,24/12/2021,24,12,2021,358,0,0,C
5,25/12/2021,25,12,2021,359,5,1,C
5,26/12/2021,26,12,2021,360,5,1,C
5,27/12/2021,27,12,2021,361,5,1,C
5,28/12/2021,28,12,2021,362,2,1,C
5,29/12/2021,29,12,2021,363,1,1,C
5,30/12/2021,30,12,2021,364,0,0,C
5,31/12/2021,31,12,2021,365,1,1,C
5,01/01/2022,1,1,2022,1,0,0,C
5,02/01/2022,2,1,2022,2,0,0,C
5,03/01/2022,3,1,2022,3,0,0,C
5,04/01/2022,4,1,2022,4,4,1,C
5,05/01/2022,5,1,2022,5,2,1,C
5,06/01/2022,6,1,2022,6,1,1,C
5,07/01/2022,7,1,2022,7,0,0,C
5,08/01/2022,8,1,2022,8,0,0,C
5,09/01/2022,9,1,2022,9,0,0,C
5,10/01/2022,10,1,2022,10,0,0,C
5,11/01/2022,11,1,2022,11,2,1,C
5,12/01/2022,12,1,2022,12,7,1,C
5,13/01/2022,13,1,2022,13,5,1,C
5,14/01/2022,14,1,2022,14,6,1,C
5,15/01/2022,15,1,2022,15,4,1,C
5,16/01/2022,16,1,2022,16,2,1,C
5,17/01/2022,17,1,2022,17,1,1,C
5,18/01/2022,18,1,2022,18,1,1,C
5,19/01/2022,19,1,2022,19,2,1,C
5,20/01/2022,20,1,2022,20,6,1,C
5,21/01/2022,21,1,2022,21,9,1,C
5,22/01/2022,22,1,2022,22,10,1,C
5,23/01/2022,23,1,2022,23,0,0,C
5,24/01/2022,24,1,2022,24,0,0,C
5,25/01/2022,25,1,2022,25,0,0,C
5,26/01/2022,26,1,2022,26,1,1,C
5,27/01/2022,27,1,2022,27,0,0,C
5,28/01/2022,28,1,2022,28,1,1,C
5,29/01/2022,29,1,2022,29,3,1,C
5,30/01/2022,30,1,2022,30,1,1,C
5,31/01/2022,31,1,2022,31,0,0,C
5,01/02/2022,1,2,2022,32,0,0,C
5,02/02/2022,2,2,2022,33,1,1,C
5,03/02/2022,3,2,2022,34,0,0,C
5,04/02/2022,4,2,2022,35,0,0,C
5,05/02/2022,5,2,2022,36,2,1,C
5,06/02/2022,6,2,2022,37,0,0,C
5,07/02/2022,7,2,2022,38,0,0,C
5,08/02/2022,8,2,2022,39,0,0,C
5,09/02/2022,9,2,2022,40,0,0,C
5,10/02/2022,10,2,2022,41,0,0,C
5,11/02/2022,11,2,2022,42,1,1,C
5,12/02/2022,12,2,2022,43,1,1,C
5,13/02/2022,13,2,2022,44,3,1,C
5,14/02/2022,14,2,2022,45,0,0,C
5,15/02/2022,15,2,2022,46,4,1,C
5,16/02/2022,16,2,2022,47,1,1,C
5,17/02/2022,17,2,2022,48,0,0,C
5,18/02/2022,18,2,2022,49,0,0,C
5,19/02/2022,19,2,2022,50,0,0,C
5,20/02/2022,20,2,2022,51,0,0,C
5,21/02/2022,21,2,2022,52,0,0,C
5,22/02/2022,22,2,2022,53,2,1,C
5,23/02/2022,23,2,2022,54,0,0,C
5,24/02/2022,24,2,2022,55,0,0,C
5,25/02/2022,25,2,2022,56,1,1,C
5,26/02/2022,26,2,2022,57,1,1,C
5,27/02/2022,27,2,2022,58,1,1,C
5,28/02/2022,28,2,2022,59,0,0,C
5,01/03/2022,1,3,2022,60,1,1,C
5,02/03/2022,2,3,2022,61,1,1,C
5,03/03/2022,3,3,2022,62,2,1,C
5,04/03/2022,4,3,2022,63,0,0,C
5,05/03/2022,5,3,2022,64,1,1,C
5,06/03/2022,6,3,2022,65,0,0,C
5,07/03/2022,7,3,2022,66,0,0,C
5,08/03/2022,8,3,2022,67,0,0,C
5,09/03/2022,9,3,2022,68,0,0,C
5,10/03/2022,10,3,2022,69,1,1,C
5,11/03/2022,11,3,2022,70,1,1,C
5,12/03/2022,12,3,2022,71,3,1,C
5,13/03/2022,13,3,2022,72,2,1,C
5,14/03/2022,14,3,2022,73,1,1,C
5,15/03/2022,15,3,2022,74,2,1,C
5,16/03/2022,16,3,2022,75,1,1,C
5,17/03/2022,17,3,2022,76,2,1,C
5,18/03/2022,18,3,2022,77,3,1,C
5,19/03/2022,19,3,2022,78,0,0,C
5,20/03/2022,20,3,2022,79,1,1,C
5,21/03/2022,21,3,2022,80,0,0,C
5,22/03/2022,22,3,2022,81,1,1,C
5,23/03/2022,23,3,2022,82,0,0,C
5,24/03/2022,24,3,2022,83,0,0,C
6,25/03/2022,25,3,2022,84,0,0,C
6,26/03/2022,26,3,2022,85,0,0,C
6,27/03/2022,27,3,2022,86,0,0,C
6,28/03/2022,28,3,2022,87,1,1,C
6,29/03/2022,29,3,2022,88,0,0,C
6,30/03/2022,30,3,2022,89,0,0,C
6,31/03/2022,31,3,2022,90,0,0,C
6,01/04/2022,1,4,2022,91,0,0,C
6,02/04/2022,2,4,2022,92,0,0,C
6,03/04/2022,3,4,2022,93,0,0,C
6,04/04/2022,4,4,2022,94,0,0,C
6,05/04/2022,5,4,2022,95,0,0,C
6,06/04/2022,6,4,2022,96,0,0,C
6,07/04/2022,7,4,2022,97,1,1,C
6,08/04/2022,8,4,2022,98,0,0,C
6,09/04/2022,9,4,2022,99,1,1,C
6,10/04/2022,10,4,2022,100,0,0,C
6,11/04/2022,11,4,2022,101,0,0,C
6,12/04/2022,12,4,2022,102,0,0,C
6,13/04/2022,13,4,2022,103,0,0,C
6,14/04/2022,14,4,2022,104,2,1,C
6,15/04/2022,15,4,2022,105,0,0,C
6,16/04/2022,16,4,2022,106,0,0,C
6,17/04/2022,17,4,2022,107,2,1,C
6,18/04/2022,18,4,2022,108,2,1,C
6,19/04/2022,19,4,2022,109,0,0,C
6,20/04/2022,20,4,2022,110,5,1,C
6,21/04/2022,21,4,2022,111,0,0,C
6,22/04/2022,22,4,2022,112,0,0,C
6,23/04/2022,23,4,2022,113,0,0,C
6,24/04/2022,24,4,2022,114,0,0,C
6,25/04/2022,25,4,2022,115,1,1,C
6,26/04/2022,26,4,2022,116,1,1,C
6,27/04/2022,27,4,2022,117,0,0,C
6,28/04/2022,28,4,2022,118,0,0,C
6,29/04/2022,29,4,2022,119,0,0,C
6,30/04/2022,30,4,2022,120,1,1,C
6,01/05/2022,1,5,2022,121,0,0,C
6,02/05/2022,2,5,2022,122,0,0,C
6,03/05/2022,3,5,2022,123,0,0,C
6,04/05/2022,4,5,2022,124,0,0,C
6,05/05/2022,5,5,2022,125,0,0,C
6,06/05/2022,6,5,2022,126,0,0,C
6,07/05/2022,7,5,2022,127,0,0,C
6,08/05/2022,8,5,2022,128,0,0,C
6,09/05/2022,9,5,2022,129,0,0,C
6,10/05/2022,10,5,2022,130,0,0,C
6,11/05/2022,11,5,2022,131,0,0,C
6,12/05/2022,12,5,2022,132,0,0,C
6,13/05/2022,13,5,2022,133,0,0,C
6,14/05/2022,14,5,2022,134,0,0,C
6,15/05/2022,15,5,2022,135,0,0,C
6,16/05/2022,16,5,2022,136,0,0,C
6,17/05/2022,17,5,2022,137,0,0,C
6,18/05/2022,18,5,2022,138,0,0,C
6,19/05/2022,19,5,2022,139,0,0,C
6,20/05/2022,20,5,2022,140,0,0,C
6,21/05/2022,21,5,2022,141,0,0,C
6,22/05/2022,22,5,2022,142,0,0,C
6,23/05/2022,23,5,2022,143,0,0,C
6,24/05/2022,24,5,2022,144,1,1,C
6,25/05/2022,25,5,2022,145,0,0,C
6,26/05/2022,26,5,2022,146,0,0,C
6,27/05/2022,27,5,2022,147,0,0,C
6,28/05/2022,28,5,2022,148,1,1,C
6,29/05/2022,29,5,2022,149,0,0,C
6,30/05/2022,30,5,2022,150,0,0,C
6,31/05/2022,31,5,2022,151,1,1,C
6,01/06/2022,1,6,2022,152,0,0,C
6,02/06/2022,2,6,2022,153,0,0,C
6,03/06/2022,3,6,2022,154,0,0,C
6,04/06/2022,4,6,2022,155,1,1,C
6,05/06/2022,5,6,2022,156,0,0,C
6,06/06/2022,6,6,2022,157,0,0,C
6,07/06/2022,7,6,2022,158,0,0,C
6,08/06/2022,8,6,2022,159,0,0,C
6,09/06/2022,9,6,2022,160,0,0,C
6,10/06/2022,10,6,2022,161,0,0,C
6,11/06/2022,11,6,2022,162,1,1,C
6,12/06/2022,12,6,2022,163,0,0,C
6,13/06/2022,13,6,2022,164,0,0,C
6,14/06/2022,14,6,2022,165,1,1,C
6,15/06/2022,15,6,2022,166,1,1,C
6,16/06/2022,16,6,2022,167,1,1,C
6,17/06/2022,17,6,2022,168,0,0,C
6,18/06/2022,18,6,2022,169,0,0,C
6,19/06/2022,19,6,2022,170,0,0,C
6,20/06/2022,20,6,2022,171,0,0,C
6,21/06/2022,21,6,2022,172,0,0,C
6,22/06/2022,22,6,2022,173,0,0,C
6,23/06/2022,23,6,2022,174,0,0,C
6,24/06/2022,24,6,2022,175,0,0,C
6,25/06/2022,25,6,2022,176,0,0,C
6,26/06/2022,26,6,2022,177,0,0,C
6,27/06/2022,27,6,2022,178,0,0,C
6,28/06/2022,28,6,2022,179,1,1,C
6,29/06/2022,29,6,2022,180,0,0,C
6,30/06/2022,30,6,2022,181,0,0,C
6,01/07/2022,1,7,2022,182,0,0,C
6,02/07/2022,2,7,2022,183,0,0,C
6,03/07/2022,3,7,2022,184,1,1,C
6,04/07/2022,4,7,2022,185,0,0,C
6,05/07/2022,5,7,2022,186,0,0,C
6,06/07/2022,6,7,2022,187,1,1,C
6,07/07/2022,7,7,2022,188,1,1,C
6,08/07/2022,8,7,2022,189,0,0,C
6,09/07/2022,9,7,2022,190,1,1,C
6,10/07/2022,10,7,2022,191,1,1,C
6,11/07/2022,11,7,2022,192,1,1,C
6,12/07/2022,12,7,2022,193,0,0,C
6,13/07/2022,13,7,2022,194,0,0,C
6,14/07/2022,14,7,2022,195,0,0,C
6,15/07/2022,15,7,2022,196,0,0,C
3,27/04/2021,27,4,2021,117,0,0,F
3,28/04/2021,28,4,2021,118,0,0,F
3,29/04/2021,29,4,2021,119,6,1,F
3,30/04/2021,30,4,2021,120,0,0,F
3,01/05/2021,1,5,2021,121,1,1,F
3,02/05/2021,2,5,2021,122,1,1,F
3,03/05/2021,3,5,2021,123,6,1,F
3,04/05/2021,4,5,2021,124,1,1,F
3,05/05/2021,5,5,2021,125,2,1,F
3,06/05/2021,6,5,2021,126,7,1,F
3,07/05/2021,7,5,2021,127,1,1,F
3,08/05/2021,8,5,2021,128,6,1,F
3,09/05/2021,9,5,2021,129,10,1,F
3,10/05/2021,10,5,2021,130,8,1,F
3,11/05/2021,11,5,2021,131,7,1,F
3,12/05/2021,12,5,2021,132,7,1,F
3,13/05/2021,13,5,2021,133,5,1,F
3,14/05/2021,14,5,2021,134,0,0,F
3,15/05/2021,15,5,2021,135,3,1,F
3,16/05/2021,16,5,2021,136,10,1,F
3,17/05/2021,17,5,2021,137,7,1,F
3,18/05/2021,18,5,2021,138,3,1,F
3,19/05/2021,19,5,2021,139,4,1,F
3,20/05/2021,20,5,2021,140,2,1,F
3,21/05/2021,21,5,2021,141,0,0,F
3,22/05/2021,22,5,2021,142,2,1,F
3,23/05/2021,23,5,2021,143,0,0,F
3,24/05/2021,24,5,2021,144,3,1,F
3,25/05/2021,25,5,2021,145,1,1,F
3,26/05/2021,26,5,2021,146,2,1,F
3,27/05/2021,27,5,2021,147,0,0,F
3,28/05/2021,28,5,2021,148,1,1,F
3,29/05/2021,29,5,2021,149,0,0,F
3,30/05/2021,30,5,2021,150,1,1,F
3,31/05/2021,31,5,2021,151,2,1,F
3,01/06/2021,1,6,2021,152,2,1,F
3,02/06/2021,2,6,2021,153,1,1,F
3,03/06/2021,3,6,2021,154,0,0,F
3,04/06/2021,4,6,2021,155,0,0,F
3,05/06/2021,5,6,2021,156,0,0,F
3,06/06/2021,6,6,2021,157,0,0,F
3,07/06/2021,7,6,2021,158,1,1,F
3,08/06/2021,8,6,2021,159,2,1,F
3,09/06/2021,9,6,2021,160,3,1,F
3,10/06/2021,10,6,2021,161,1,1,F
3,11/06/2021,11,6,2021,162,8,1,F
3,12/06/2021,12,6,2021,163,6,1,F
3,13/06/2021,13,6,2021,164,4,1,F
3,14/06/2021,14,6,2021,165,4,1,F
3,15/06/2021,15,6,2021,166,5,1,F
3,16/06/2021,16,6,2021,167,6,1,F
3,17/06/2021,17,6,2021,168,6,1,F
3,18/06/2021,18,6,2021,169,2,1,F
3,19/06/2021,19,6,2021,170,0,0,F
3,20/06/2021,20,6,2021,171,0,0,F
3,21/06/2021,21,6,2021,172,0,0,F
3,22/06/2021,22,6,2021,173,4,1,F
3,23/06/2021,23,6,2021,174,1,1,F
3,24/06/2021,24,6,2021,175,0,0,F
3,25/06/2021,25,6,2021,176,1,1,F
3,26/06/2021,26,6,2021,177,1,1,F
3,27/06/2021,27,6,2021,178,2,1,F
3,28/06/2021,28,6,2021,179,2,1,F
3,29/06/2021,29,6,2021,180,1,1,F
3,30/06/2021,30,6,2021,181,0,0,F
3,01/07/2021,1,7,2021,182,3,1,F
3,02/07/2021,2,7,2021,183,1,1,F
3,03/07/2021,3,7,2021,184,0,0,F
3,04/07/2021,4,7,2021,185,1,1,F
3,05/07/2021,5,7,2021,186,0,0,F
3,06/07/2021,6,7,2021,187,0,0,F
3,07/07/2021,7,7,2021,188,0,0,F
3,08/07/2021,8,7,2021,189,1,1,F
3,09/07/2021,9,7,2021,190,3,1,F
3,10/07/2021,10,7,2021,191,4,1,F
3,11/07/2021,11,7,2021,192,7,1,F
3,12/07/2021,12,7,2021,193,7,1,F
3,13/07/2021,13,7,2021,194,5,1,F
3,14/07/2021,14,7,2021,195,9,1,F
4,15/07/2021,15,7,2021,196,11,1,F
4,16/07/2021,16,7,2021,197,5,1,F
4,17/07/2021,17,7,2021,198,2,1,F
4,18/07/2021,18,7,2021,199,5,1,F
4,19/07/2021,19,7,2021,200,5,1,F
4,20/07/2021,20,7,2021,201,0,0,F
4,21/07/2021,21,7,2021,202,2,1,F
4,22/07/2021,22,7,2021,203,4,1,F
4,23/07/2021,23,7,2021,204,14,1,F
4,24/07/2021,24,7,2021,205,7,1,F
4,25/07/2021,25,7,2021,206,3,1,F
4,26/07/2021,26,7,2021,207,2,1,F
4,27/07/2021,27,7,2021,208,1,1,F
4,28/07/2021,28,7,2021,209,5,1,F
4,29/07/2021,29,7,2021,210,9,1,F
4,30/07/2021,30,7,2021,211,8,1,F
4,31/07/2021,31,7,2021,212,2,1,F
4,01/08/2021,1,8,2021,213,2,1,F
4,02/08/2021,2,8,2021,214,2,1,F
4,03/08/2021,3,8,2021,215,0,0,F
4,04/08/2021,4,8,2021,216,0,0,F
4,05/08/2021,5,8,2021,217,1,1,F
4,06/08/2021,6,8,2021,218,2,1,F
4,07/08/2021,7,8,2021,219,3,1,F
4,08/08/2021,8,8,2021,220,16,1,F
4,09/08/2021,9,8,2021,221,13,1,F
4,10/08/2021,10,8,2021,222,13,1,F
4,11/08/2021,11,8,2021,223,11,1,F
4,12/08/2021,12,8,2021,224,4,1,F
4,13/08/2021,13,8,2021,225,4,1,F
4,14/08/2021,14,8,2021,226,8,1,F
4,15/08/2021,15,8,2021,227,13,1,F
4,16/08/2021,16,8,2021,228,9,1,F
4,17/08/2021,17,8,2021,229,11,1,F
4,18/08/2021,18,8,2021,230,12,1,F
4,19/08/2021,19,8,2021,231,11,1,F
4,20/08/2021,20,8,2021,232,8,1,F
4,21/08/2021,21,8,2021,233,4,1,F
4,22/08/2021,22,8,2021,234,18,1,F
4,23/08/2021,23,8,2021,235,10,1,F
4,24/08/2021,24,8,2021,236,15,1,F
4,25/08/2021,25,8,2021,237,12,1,F
4,26/08/2021,26,8,2021,238,4,1,F
4,27/08/2021,27,8,2021,239,1,1,F
4,28/08/2021,28,8,2021,240,3,1,F
4,29/08/2021,29,8,2021,241,1,1,F
4,30/08/2021,30,8,2021,242,2,1,F
4,31/08/2021,31,8,2021,243,0,0,F
4,01/09/2021,1,9,2021,244,0,0,F
4,02/09/2021,2,9,2021,245,0,0,F
4,03/09/2021,3,9,2021,246,1,1,F
4,04/09/2021,4,9,2021,247,0,0,F
4,05/09/2021,5,9,2021,248,0,0,F
4,06/09/2021,6,9,2021,249,3,1,F
4,07/09/2021,7,9,2021,250,1,1,F
4,08/09/2021,8,9,2021,251,1,1,F
4,09/09/2021,9,9,2021,252,1,1,F
4,10/09/2021,10,9,2021,253,0,0,F
4,11/09/2021,11,9,2021,254,1,1,F
4,12/09/2021,12,9,2021,255,1,1,F
4,13/09/2021,13,9,2021,256,0,0,F
4,14/09/2021,14,9,2021,257,3,1,F
4,15/09/2021,15,9,2021,258,1,1,F
4,16/09/2021,16,9,2021,259,1,1,F
4,17/09/2021,17,9,2021,260,0,0,F
4,18/09/2021,18,9,2021,261,4,1,F
4,19/09/2021,19,9,2021,262,4,1,F
4,20/09/2021,20,9,2021,263,8,1,F
4,21/09/2021,21,9,2021,264,9,1,F
4,22/09/2021,22,9,2021,265,0,0,F
4,23/09/2021,23,9,2021,266,0,0,F
4,24/09/2021,24,9,2021,267,2,1,F
4,25/09/2021,25,9,2021,268,2,1,F
4,26/09/2021,26,9,2021,269,2,1,F
4,27/09/2021,27,9,2021,270,1,1,F
4,28/09/2021,28,9,2021,271,1,1,F
4,29/09/2021,29,9,2021,272,1,1,F
4,30/09/2021,30,9,2021,273,5,1,F
4,01/10/2021,1,10,2021,274,3,1,F
4,02/10/2021,2,10,2021,275,2,1,F
4,03/10/2021,3,10,2021,276,1,1,F
4,04/10/2021,4,10,2021,277,7,1,F
4,05/10/2021,5,10,2021,278,3,1,F
4,06/10/2021,6,10,2021,279,0,0,F
4,07/10/2021,7,10,2021,280,3,1,F
4,08/10/2021,8,10,2021,281,7,1,F
4,09/10/2021,9,10,2021,282,7,1,F
4,10/10/2021,10,10,2021,283,5,1,F
4,11/10/2021,11,10,2021,284,7,1,F
4,12/10/2021,12,10,2021,285,8,1,F
4,13/10/2021,13,10,2021,286,4,1,F
4,14/10/2021,14,10,2021,287,2,1,F
4,15/10/2021,15,10,2021,288,1,1,F
4,16/10/2021,16,10,2021,289,0,0,F
4,17/10/2021,17,10,2021,290,1,1,F
4,18/10/2021,18,10,2021,291,5,1,F
4,19/10/2021,19,10,2021,292,6,1,F
4,20/10/2021,20,10,2021,293,8,1,F
4,21/10/2021,21,10,2021,294,3,1,F
4,22/10/2021,22,10,2021,295,3,1,F
4,23/10/2021,23,10,2021,296,0,0,F
4,24/10/2021,24,10,2021,297,7,1,F
4,25/10/2021,25,10,2021,298,4,1,F
4,26/10/2021,26,10,2021,299,3,1,F
4,27/10/2021,27,10,2021,300,1,1,F
4,28/10/2021,28,10,2021,301,6,1,F
4,29/10/2021,29,10,2021,302,1,1,F
4,30/10/2021,30,10,2021,303,5,1,F
4,31/10/2021,31,10,2021,304,5,1,F
4,01/11/2021,1,11,2021,305,12,1,F
4,02/11/2021,2,11,2021,306,5,1,F
4,03/11/2021,3,11,2021,307,10,1,F
4,04/11/2021,4,11,2021,308,11,1,F
4,05/11/2021,5,11,2021,309,7,1,F
4,06/11/2021,6,11,2021,310,10,1,F
4,07/11/2021,7,11,2021,311,7,1,F
4,08/11/2021,8,11,2021,312,9,1,F
4,09/11/2021,9,11,2021,313,5,1,F
5,10/11/2021,10,11,2021,314,4,1,F
5,11/11/2021,11,11,2021,315,3,1,F
5,12/11/2021,12,11,2021,316,4,1,F
5,13/11/2021,13,11,2021,317,6,1,F
5,14/11/2021,14,11,2021,318,6,1,F
5,15/11/2021,15,11,2021,319,11,1,F
5,16/11/2021,16,11,2021,320,1,1,F
5,17/11/2021,17,11,2021,321,2,1,F
5,18/11/2021,18,11,2021,322,1,1,F
5,19/11/2021,19,11,2021,323,6,1,F
5,20/11/2021,20,11,2021,324,1,1,F
5,21/11/2021,21,11,2021,325,5,1,F
5,22/11/2021,22,11,2021,326,1,1,F
5,23/11/2021,23,11,2021,327,2,1,F
5,24/11/2021,24,11,2021,328,5,1,F
5,25/11/2021,25,11,2021,329,1,1,F
5,26/11/2021,26,11,2021,330,0,0,F
5,27/11/2021,27,11,2021,331,3,1,F
5,28/11/2021,28,11,2021,332,5,1,F
5,29/11/2021,29,11,2021,333,4,1,F
5,30/11/2021,30,11,2021,334,4,1,F
5,01/12/2021,1,12,2021,335,2,1,F
5,02/12/2021,2,12,2021,336,3,1,F
5,03/12/2021,3,12,2021,337,4,1,F
5,04/12/2021,4,12,2021,338,5,1,F
5,05/12/2021,5,12,2021,339,2,1,F
5,06/12/2021,6,12,2021,340,4,1,F
5,07/12/2021,7,12,2021,341,4,1,F
5,08/12/2021,8,12,2021,342,10,1,F
5,09/12/2021,9,12,2021,343,5,1,F
5,10/12/2021,10,12,2021,344,4,1,F
5,11/12/2021,11,12,2021,345,2,1,F
5,12/12/2021,12,12,2021,346,2,1,F
5,13/12/2021,13,12,2021,347,0,0,F
5,14/12/2021,14,12,2021,348,6,1,F
5,15/12/2021,15,12,2021,349,8,1,F
5,16/12/2021,16,12,2021,350,9,1,F
5,17/12/2021,17,12,2021,351,10,1,F
5,18/12/2021,18,12,2021,352,8,1,F
5,19/12/2021,19,12,2021,353,6,1,F
5,20/12/2021,20,12,2021,354,9,1,F
5,21/12/2021,21,12,2021,355,12,1,F
5,22/12/2021,22,12,2021,356,4,1,F
5,23/12/2021,23,12,2021,357,2,1,F
5,24/12/2021,24,12,2021,358,1,1,F
5,25/12/2021,25,12,2021,359,10,1,F
5,26/12/2021,26,12,2021,360,12,1,F
5,27/12/2021,27,12,2021,361,10,1,F
5,28/12/2021,28,12,2021,362,3,1,F
5,29/12/2021,29,12,2021,363,6,1,F
5,30/12/2021,30,12,2021,364,4,1,F
5,31/12/2021,31,12,2021,365,5,1,F
5,01/01/2022,1,1,2022,1,4,1,F
5,02/01/2022,2,1,2022,2,5,1,F
5,03/01/2022,3,1,2022,3,3,1,F
5,04/01/2022,4,1,2022,4,3,1,F
5,05/01/2022,5,1,2022,5,1,1,F
5,06/01/2022,6,1,2022,6,10,1,F
5,07/01/2022,7,1,2022,7,7,1,F
5,08/01/2022,8,1,2022,8,8,1,F
5,09/01/2022,9,1,2022,9,0,0,F
5,10/01/2022,10,1,2022,10,0,0,F
5,11/01/2022,11,1,2022,11,1,1,F
5,12/01/2022,12,1,2022,12,1,1,F
5,13/01/2022,13,1,2022,13,7,1,F
5,14/01/2022,14,1,2022,14,12,1,F
5,15/01/2022,15,1,2022,15,6,1,F
5,16/01/2022,16,1,2022,16,9,1,F
5,17/01/2022,17,1,2022,17,5,1,F
5,18/01/2022,18,1,2022,18,3,1,F
5,19/01/2022,19,1,2022,19,4,1,F
5,20/01/2022,20,1,2022,20,6,1,F
5,21/01/2022,21,1,2022,21,7,1,F
5,22/01/2022,22,1,2022,22,10,1,F
5,23/01/2022,23,1,2022,23,11,1,F
5,24/01/2022,24,1,2022,24,16,1,F
5,25/01/2022,25,1,2022,25,6,1,F
5,26/01/2022,26,1,2022,26,7,1,F
5,27/01/2022,27,1,2022,27,3,1,F
5,28/01/2022,28,1,2022,28,4,1,F
5,29/01/2022,29,1,2022,29,1,1,F
5,30/01/2022,30,1,2022,30,2,1,F
5,31/01/2022,31,1,2022,31,3,1,F
5,01/02/2022,1,2,2022,32,3,1,F
5,02/02/2022,2,2,2022,33,2,1,F
5,03/02/2022,3,2,2022,34,1,1,F
5,04/02/2022,4,2,2022,35,4,1,F
5,05/02/2022,5,2,2022,36,5,1,F
5,06/02/2022,6,2,2022,37,1,1,F
5,07/02/2022,7,2,2022,38,3,1,F
5,08/02/2022,8,2,2022,39,7,1,F
5,09/02/2022,9,2,2022,40,6,1,F
5,10/02/2022,10,2,2022,41,7,1,F
5,11/02/2022,11,2,2022,42,3,1,F
5,12/02/2022,12,2,2022,43,3,1,F
5,13/02/2022,13,2,2022,44,4,1,F
5,14/02/2022,14,2,2022,45,6,1,F
5,15/02/2022,15,2,2022,46,2,1,F
5,16/02/2022,16,2,2022,47,4,1,F
5,17/02/2022,17,2,2022,48,4,1,F
5,18/02/2022,18,2,2022,49,2,1,F
5,19/02/2022,19,2,2022,50,6,1,F
5,20/02/2022,20,2,2022,51,1,1,F
5,21/02/2022,21,2,2022,52,2,1,F
5,22/02/2022,22,2,2022,53,2,1,F
5,23/02/2022,23,2,2022,54,0,0,F
5,24/02/2022,24,2,2022,55,6,1,F
5,25/02/2022,25,2,2022,56,3,1,F
5,26/02/2022,26,2,2022,57,0,0,F
5,27/02/2022,27,2,2022,58,5,1,F
5,28/02/2022,28,2,2022,59,6,1,F
5,01/03/2022,1,3,2022,60,8,1,F
5,02/03/2022,2,3,2022,61,6,1,F
5,03/03/2022,3,3,2022,62,3,1,F
5,04/03/2022,4,3,2022,63,10,1,F
5,05/03/2022,5,3,2022,64,8,1,F
5,06/03/2022,6,3,2022,65,6,1,F
5,07/03/2022,7,3,2022,66,6,1,F
5,08/03/2022,8,3,2022,67,4,1,F
5,09/03/2022,9,3,2022,68,8,1,F
5,10/03/2022,10,3,2022,69,3,1,F
5,11/03/2022,11,3,2022,70,3,1,F
5,12/03/2022,12,3,2022,71,4,1,F
5,13/03/2022,13,3,2022,72,12,1,F
5,14/03/2022,14,3,2022,73,3,1,F
5,15/03/2022,15,3,2022,74,12,1,F
5,16/03/2022,16,3,2022,75,12,1,F
5,17/03/2022,17,3,2022,76,7,1,F
5,18/03/2022,18,3,2022,77,12,1,F
5,19/03/2022,19,3,2022,78,12,1,F
5,20/03/2022,20,3,2022,79,6,1,F
5,21/03/2022,21,3,2022,80,10,1,F
5,22/03/2022,22,3,2022,81,4,1,F
5,23/03/2022,23,3,2022,82,7,1,F
5,24/03/2022,24,3,2022,83,0,0,F
6,25/03/2022,25,3,2022,84,0,0,F
6,26/03/2022,26,3,2022,85,1,1,F
6,27/03/2022,27,3,2022,86,0,0,F
6,28/03/2022,28,3,2022,87,0,0,F
6,29/03/2022,29,3,2022,88,3,1,F
6,30/03/2022,30,3,2022,89,5,1,F
6,31/03/2022,31,3,2022,90,1,1,F
6,01/04/2022,1,4,2022,91,1,1,F
6,02/04/2022,2,4,2022,92,1,1,F
6,03/04/2022,3,4,2022,93,0,0,F
6,04/04/2022,4,4,2022,94,9,1,F
6,05/04/2022,5,4,2022,95,2,1,F
6,06/04/2022,6,4,2022,96,1,1,F
6,07/04/2022,7,4,2022,97,0,0,F
6,08/04/2022,8,4,2022,98,3,1,F
6,09/04/2022,9,4,2022,99,3,1,F
6,10/04/2022,10,4,2022,100,5,1,F
6,11/04/2022,11,4,2022,101,3,1,F
6,12/04/2022,12,4,2022,102,3,1,F
6,13/04/2022,13,4,2022,103,2,1,F
6,14/04/2022,14,4,2022,104,1,1,F
6,15/04/2022,15,4,2022,105,3,1,F
6,16/04/2022,16,4,2022,106,2,1,F
6,17/04/2022,17,4,2022,107,5,1,F
6,18/04/2022,18,4,2022,108,7,1,F
6,19/04/2022,19,4,2022,109,5,1,F
6,20/04/2022,20,4,2022,110,2,1,F
6,21/04/2022,21,4,2022,111,5,1,F
6,22/04/2022,22,4,2022,112,6,1,F
6,23/04/2022,23,4,2022,113,4,1,F
6,24/04/2022,24,4,2022,114,4,1,F
6,25/04/2022,25,4,2022,115,6,1,F
6,26/04/2022,26,4,2022,116,4,1,F
6,27/04/2022,27,4,2022,117,8,1,F
6,28/04/2022,28,4,2022,118,2,1,F
6,29/04/2022,29,4,2022,119,2,1,F
6,30/04/2022,30,4,2022,120,1,1,F
6,01/05/2022,1,5,2022,121,2,1,F
6,02/05/2022,2,5,2022,122,3,1,F
6,03/05/2022,3,5,2022,123,1,1,F
6,04/05/2022,4,5,2022,124,0,0,F
6,05/05/2022,5,5,2022,125,1,1,F
6,06/05/2022,6,5,2022,126,1,1,F
6,07/05/2022,7,5,2022,127,4,1,F
6,08/05/2022,8,5,2022,128,1,1,F
6,09/05/2022,9,5,2022,129,0,0,F
6,10/05/2022,10,5,2022,130,1,1,F
6,11/05/2022,11,5,2022,131,3,1,F
6,12/05/2022,12,5,2022,132,0,0,F
6,13/05/2022,13,5,2022,133,0,0,F
6,14/05/2022,14,5,2022,134,1,1,F
6,15/05/2022,15,5,2022,135,0,0,F
6,16/05/2022,16,5,2022,136,2,1,F
6,17/05/2022,17,5,2022,137,2,1,F
6,18/05/2022,18,5,2022,138,5,1,F
6,19/05/2022,19,5,2022,139,7,1,F
6,20/05/2022,20,5,2022,140,1,1,F
6,21/05/2022,21,5,2022,141,1,1,F
6,22/05/2022,22,5,2022,142,4,1,F
6,23/05/2022,23,5,2022,143,1,1,F
6,24/05/2022,24,5,2022,144,1,1,F
6,25/05/2022,25,5,2022,145,0,0,F
6,26/05/2022,26,5,2022,146,0,0,F
6,27/05/2022,27,5,2022,147,1,1,F
6,28/05/2022,28,5,2022,148,1,1,F
6,29/05/2022,29,5,2022,149,0,0,F
6,30/05/2022,30,5,2022,150,1,1,F
6,31/05/2022,31,5,2022,151,0,0,F
6,01/06/2022,1,6,2022,152,1,1,F
6,02/06/2022,2,6,2022,153,1,1,F
6,03/06/2022,3,6,2022,154,2,1,F
6,04/06/2022,4,6,2022,155,0,0,F
6,05/06/2022,5,6,2022,156,1,1,F
6,06/06/2022,6,6,2022,157,1,1,F
6,07/06/2022,7,6,2022,158,0,0,F
6,08/06/2022,8,6,2022,159,0,0,F
6,09/06/2022,9,6,2022,160,0,0,F
6,10/06/2022,10,6,2022,161,0,0,F
6,11/06/2022,11,6,2022,162,0,0,F
6,12/06/2022,12,6,2022,163,1,1,F
6,13/06/2022,13,6,2022,164,0,0,F
6,14/06/2022,14,6,2022,165,1,1,F
6,15/06/2022,15,6,2022,166,0,0,F
6,16/06/2022,16,6,2022,167,4,1,F
6,17/06/2022,17,6,2022,168,3,1,F
6,18/06/2022,18,6,2022,169,1,1,F
6,19/06/2022,19,6,2022,170,0,0,F
6,20/06/2022,20,6,2022,171,1,1,F
6,21/06/2022,21,6,2022,172,1,1,F
6,22/06/2022,22,6,2022,173,0,0,F
6,23/06/2022,23,6,2022,174,0,0,F
6,24/06/2022,24,6,2022,175,0,0,F
6,25/06/2022,25,6,2022,176,1,1,F
6,26/06/2022,26,6,2022,177,0,0,F
6,27/06/2022,27,6,2022,178,2,1,F
6,28/06/2022,28,6,2022,179,0,0,F
6,29/06/2022,29,6,2022,180,6,1,F
6,30/06/2022,30,6,2022,181,4,1,F
6,01/07/2022,1,7,2022,182,3,1,F
6,02/07/2022,2,7,2022,183,1,1,F
6,03/07/2022,3,7,2022,184,1,1,F
6,04/07/2022,4,7,2022,185,1,1,F
6,05/07/2022,5,7,2022,186,2,1,F
6,06/07/2022,6,7,2022,187,3,1,F
6,07/07/2022,7,7,2022,188,2,1,F
6,08/07/2022,8,7,2022,189,3,1,F
6,09/07/2022,9,7,2022,190,4,1,F
6,10/07/2022,10,7,2022,191,4,1,F
6,11/07/2022,11,7,2022,192,3,1,F
6,12/07/2022,12,7,2022,193,1,1,F
6,13/07/2022,13,7,2022,194,0,0,F
6,14/07/2022,14,7,2022,195,0,0,F
6,15/07/2022,15,7,2022,196,0,0,F
